{
  "local_only": {
    "task_counts": [
      0,
      50,
      100,
      150,
      200
    ],
    "delay": [
      0.0,
      3.2261889332657376,
      2.452014444288851,
      2.440759822887982,
      3.2870518477685184
    ],
    "energy": [
      0.0,
      856311.4310606897,
      898483.0695329997,
      748780.6297550349,
      2233960.5110663045
    ],
    "avg_energy": [
      0.0,
      85631.14310606898,
      49915.72608516665,
      39409.50682921236,
      67695.77306261529
    ],
    "balance": [
      0.0,
      0.0,
      0.0,
      0.0,
      0.0
    ],
    "time": [
      0.0,
      0.0,
      0.0020508766174316406,
      0.0,
      0.0
    ]
  },
  "greedy": {
    "task_counts": [
      0,
      50,
      100,
      150,
      200
    ],
    "delay": [
      0.0,
      0.705076712158826,
      0.4586228029521269,
      0.43357227027008277,
      1.3868187404796815
    ],
    "energy": [
      0.0,
      196.04598474867416,
      223.83804784169493,
      342.7324861932045,
      498653.2369844674
    ],
    "avg_energy": [
      0.0,
      19.604598474867416,
      12.435447102316385,
      18.0385519049055,
      15110.704151044467
    ],
    "balance": [
      0.0,
      24.856631014665112,
      40.777912505831004,
      40.46405637001577,
      76.66977181806546
    ],
    "time": [
      0.0,
      0.0005507469177246094,
      0.002591848373413086,
      0.0041730403900146484,
      0.0034432411193847656
    ]
  },
  "gnn_drl": {
    "task_counts": [
      0,
      50,
      100,
      150,
      200
    ],
    "delay": [
      0.0,
      1.2517837685171627,
      1.092128631268167,
      1.5597917260141123,
      2.191518480852488
    ],
    "energy": [
      0.0,
      42500.94184896052,
      243974.4112431191,
      367228.9380317743,
      1006975.8261241664
    ],
    "avg_energy": [
      0.0,
      4250.094184896052,
      13554.13395795106,
      19327.838843777594,
      30514.418973459586
    ],
    "balance": [
      0.0,
      20.817205773038655,
      27.8076781227339,
      16.9789212394109,
      58.778707425185225
    ],
    "time": [
      0.0,
      0.06066417694091797,
      0.06715965270996094,
      0.06421780586242676,
      0.13960814476013184
    ]
  },
  "gnn_il_pcr": {
    "task_counts": [
      0,
      50,
      100,
      150,
      200
    ],
    "delay": [
      0.0,
      0.17146276255433496,
      0.08429078285998302,
      0.08931773655611978,
      0.2709276241299438
    ],
    "energy": [
      0.0,
      21916.73643492635,
      112151.70380853959,
      164196.78609023546,
      2030.8731918784588
    ],
    "avg_energy": [
      0.0,
      2191.673643492635,
      6230.650211585533,
      8641.936110012393,
      61.54161187510481
    ],
    "balance": [
      0.0,
      19.21785562248461,
      55.973671256218914,
      59.46636720113034,
      0.0
    ],
    "time": [
      0.0,
      0.0069124698638916016,
      0.006310224533081055,
      0.0050351619720458984,
      0.0025179386138916016
    ]
  }
}