{
  "local_only": {
    "task_counts": [
      10,
      20,
      30,
      40,
      50,
      60,
      70,
      80,
      90,
      100
    ],
    "delay": [
      2.815777243117778,
      3.1829297131307226,
      2.555550171619806,
      2.8966652407212043,
      2.985970607788161,
      2.866907577945157,
      2.9153225145031216,
      3.0677294962140875,
      2.6981241631222885,
      2.7957329333201195
    ],
    "energy": [
      106316.20056274875,
      371887.5762788371,
      366601.0561749096,
      476171.8443830876,
      646096.2236504036,
      712512.3055118739,
      996481.8747666134,
      995503.7285336368,
      1087673.0131513677,
      1146808.6862922967
    ],
    "avg_energy": [
      42318.00293890216,
      76791.58886742439,
      54739.8151453763,
      66254.5302506696,
      57007.48959174275,
      60588.94183065936,
      62944.85156969899,
      62100.3855167325,
      56153.028998350805,
      62131.985756351576
    ],
    "balance": [
      0.0,
      0.0,
      0.0,
      0.0,
      0.0,
      0.0,
      0.0,
      0.0,
      0.0,
      0.0
    ],
    "time": [
      0.00029263496398925783,
      0.0,
      0.0,
      0.0,
      0.0,
      0.0008043289184570312,
      0.00039916038513183595,
      0.0,
      0.0,
      0.0004008769989013672
    ]
  },
  "greedy": {
    "task_counts": [
      10,
      20,
      30,
      40,
      50,
      60,
      70,
      80,
      90,
      100
    ],
    "delay": [
      0.467526236915076,
      0.5762461290230426,
      0.5096191442150004,
      0.5270377653627453,
      0.5652399149731295,
      0.5544636887448045,
      0.5806519570301555,
      0.597520445772461,
      0.5526098513827538,
      0.6238955009073566
    ],
    "energy": [
      70.20614006952,
      52.568078636201406,
      95.56038536906098,
      98.213075639512,
      185.56277369791093,
      208.8948983007569,
      233.13216739801092,
      264.4615262017288,
      301.8299352169604,
      47338.53260663851
    ],
    "avg_energy": [
      22.380023298549553,
      10.78939705313699,
      13.836994658126244,
      14.91562723658769,
      14.22060656193948,
      17.441394843368787,
      14.254796831381114,
      17.447446153774372,
      16.262732356326996,
      1695.226946274734
    ],
    "balance": [
      2.724567314051334,
      10.681927174756579,
      19.58435155564311,
      11.353337688260979,
      32.072964086438084,
      36.359978720502475,
      46.090659194330065,
      48.489086585632194,
      55.70790196241469,
      45.81954281164771
    ],
    "time": [
      0.00048246383666992185,
      0.0007039546966552734,
      0.0013802528381347656,
      0.001052713394165039,
      0.00184326171875,
      0.0021421432495117186,
      0.0020718097686767576,
      0.002454328536987305,
      0.0027749061584472655,
      0.0023263931274414063
    ]
  },
  "gnn_drl": {
    "task_counts": [
      10,
      20,
      30,
      40,
      50,
      60,
      70,
      80,
      90,
      100
    ],
    "delay": [
      0.6883050570583772,
      0.7110833981794844,
      1.0976697625669614,
      1.5144922595236008,
      1.2021436172032727,
      0.9423154322650655,
      1.4386745083280839,
      1.5318681377900663,
      1.1728113842439787,
      1.3550941410324424
    ],
    "energy": [
      13506.133739125333,
      577.9791571964447,
      117918.43415336711,
      201032.10507352333,
      117822.95086020537,
      49806.31779432328,
      268638.133482379,
      325464.11473167024,
      278562.93763697665,
      381869.26612446853
    ],
    "avg_energy": [
      4502.04348804649,
      144.4922834385389,
      15621.87838313452,
      24992.405342932503,
      8555.59254947583,
      4483.525829762122,
      16794.47415455706,
      18478.595761487875,
      13178.581787735118,
      15189.674800353177
    ],
    "balance": [
      2.044554182298629,
      8.993414739259535,
      11.781715993930803,
      7.208535924034193,
      23.891330754132163,
      21.91692372905657,
      19.408910777846422,
      27.649061004234575,
      30.33771818688778,
      28.654701736689674
    ],
    "time": [
      0.014898061752319336,
      0.0180178165435791,
      0.02411046028137207,
      0.023006534576416014,
      0.040633630752563474,
      0.03800468444824219,
      0.04612727165222168,
      0.046291255950927736,
      0.057403945922851564,
      0.05444622039794922
    ]
  },
  "gnn_il_pcr": {
    "task_counts": [
      10,
      20,
      30,
      40,
      50,
      60,
      70,
      80,
      90,
      100
    ],
    "delay": [
      1.8765637254747347,
      1.2099969163127529,
      0.9696143913344389,
      0.8003699554773329,
      0.6635882551336758,
      0.5364820425500758,
      0.4537568175803638,
      0.48976826781773075,
      0.39033387095882827,
      0.40086616827038873
    ],
    "energy": [
      96.65109142068067,
      338.07961479894277,
      333.273687431736,
      432.8834948937159,
      587.3602033185487,
      647.7384595562489,
      905.8926134241938,
      905.0033895760332,
      988.7936483194253,
      1042.5533511748151
    ],
    "avg_energy": [
      38.470911762638316,
      69.81053533402216,
      49.76346831397844,
      60.231391136972356,
      51.82499053794794,
      55.08085620969032,
      57.22259233608999,
      56.454895924302264,
      51.04820818031891,
      56.48362341486508
    ],
    "balance": [
      0.0,
      0.0,
      0.0,
      0.0,
      0.0,
      0.0,
      0.0,
      0.0,
      0.0,
      0.0
    ],
    "time": [
      0.0011996746063232422,
      0.0012314796447753906,
      0.0015987873077392579,
      0.0022655487060546874,
      0.003375673294067383,
      0.002151679992675781,
      0.0032158851623535155,
      0.004303598403930664,
      0.005865859985351563,
      0.0041563987731933595
    ]
  }
}